1,afas,bbb@abc.com,Digital Media,100,24.125.138.1022,john,asdf@hotmail.com,Software,50,168.28.22.1463,asdf,asdf@ggc.edu,Digital Media,0,50.147.203.704,Alvin,ajean1@ggc.edu,Digital Media,25,67.191.235.515,carlos,cmunoz1@ggc.edu,Digital Media,0,99.141.154.746,asdasda,inspiritsj93@gmail.com,Security,0,98.192.41.277,Cameron,irishfire777@gmail.com,Digital Media,100,24.98.54.898,Karl Kraus,jedikarlkraus@bellsouth.net,Software,100,108.74.190.259,test,test@test.com,Digital Media,0,1.23.124.24910,ertyui,abc@ggc.edu,Business,100,172.56.5.10511,Fahd Quadri,fquadri@ggc.edu,Digital Media,100,172.56.4.21312,Cameron,irishfire777@gmail.com,Digital Media,0,50.200.84.12813,sam,smedina2@ggc.edu,Other,100,168.28.22.1014,f,oh@ggc.edu,Digital Media,0,168.28.2.9815,ertyui,abc@ggc.edu,Digital Media,0,172.56.5.19016,ladjkadjlkadsjdlk,skksdjk@ggc.edu,Digital Media,25,168.28.22.4117,&lt;span style=&quot;color:red&quot;&gt;Someone&lt;/span&gt;,mail@ggc.com,Digital Media,0,168.28.22.5918,asdfas,abc@ggc.edu,Digital Media,0,168.28.22.2619,Samuel CHang,sam_Chang_79@yahoo.com,Digital Media,75,168.28.22.3620,sometest@test.com,sometest@test.com,Software,50,1.22.194.16721,sadf,aasd@ggc.edu,Digital Media,25,50.167.67.24522,Jacob,jfagan@ggc.edu,Software,100,168.28.22.4023,Devora Lorenzo,devora.lorenzo@yahoo.com,Digital Media,25,168.28.22.4424,potato,potato@mail.com,Digital Media,50,168.28.22.10325,Dude,who@gmail.com,Digital Media,100,168.28.22.3426,test,test@test.com,Software,0,1.22.88.16927,asdfa,abc@ggc.edu,Digital Media,0,168.28.22.12028,Rodny Joseph,rodnyjoseph92@gmail.com,Digital Media,25,24.99.50.11029,dfgdf,dfgdfg@dgd.com,Software,0,24.159.127.23830,Travis Keating,tkeating@ggc.edu,Digital Media,25,96.32.85.8931,sfdfd,sdf@ggc.edu,Digital Media,0,24.99.247.23432,sdf,jgdfg@gfdg.com,Digital Media,100,4.15.179.16333,goku,virginia@saiyan.popo,Digital Media,0,96.231.195.17634,Bria  Rivers,brivers@ggc.edu,Digital Media,100,24.125.233.1035,Jack Cantrell,jcantr13@gmail.com,Digital Media,100,50.160.207.1136,Karl Kraus,jedikarlkraus@bellsouth.net,Digital Media,0,168.28.22.8637,dfg,dfghj@ghj.com,Digital Media,100,168.28.16.10038,Rebecca,R@ggc.edu,Digital Media,25,71.204.64.17139,john joe,fdsa@asdf.com,Digital Media,75,168.28.22.8840,Fake,name@ggc.edu,Digital Media,50,168.28.22.5841,Joe,joe@gmail.com,Digital Media,0,168.28.22.9342,Miguel,lol@hotmail.com,Digital Media,100,168.28.22.9643,Mike,me@email.com,Software,100,168.28.22.5044,jeff,email@email.com,Software,100,168.28.22.5545,Gloria Alvarenga,galvaren@ggc.edu,Digital Media,100,168.28.22.4946,Precious West,pwest1@ggc.edu,Digital Media,75,168.28.22.8747,Arthur,arthur@ggc.edu,Digital Media,0,173.15.220.17748,Jeff G,jeff.graves43@gmail.com,Software,25,65.5.11.25349,a,asdf@a.com,Business,25,69.15.227.12650,a,dsa@da.com,Digital Media,0,107.167.116.22851,er,g@ggc.edu,Digital Media,25,96.32.85.352,adf,adsf@ggc.edu,Digital Media,50,168.28.22.10853,aef,we@ffc.dfg,Digital Media,0,73.207.104.7354,a,a@a.com,Digital Media,0,24.125.222.19955,dfg,sdfg@something.edu,Security,25,97.81.103.7656,King Oruga,kingoruga@aol.com,Software,100,50.167.235.11457,Christan,cdeluna@ggc.edu,Software,100,157.166.173.558,jay dizzle,jguyen7@ggc.edu,Digital Media,25,168.28.22.9559,jay win,jnguyen@ggc.edu,Digital Media,25,71.90.222.11760,Joe Cox,jcox8588@gmail.com,Digital Media,25,159.63.144.22761,blake,adslfk@ge.com,Digital Media,75,97.67.171.3462,mark,mark@ggc.edu,Digital Media,0,168.28.22.8363,Adam Printz,printzadam@f.com,Digital Media,0,168.28.22.10464,Precious West,pwest1@ggc.edu,Digital Media,25,168.28.22.10565,Jim Coburn,jimrcoburn@gmail.com,Digital Media,100,168.28.22.3266,mik,ign@i.com,Digital Media,50,168.28.22.10067,222,ytuvb@ggc.edu,Digital Media,50,75.131.196.16268,Miguel,a@a.com,Digital Media,0,75.131.192.6869,Dude,bbb@abc.com,asdffffff,81,24.125.138.5